<?xml version="1.0" encoding="UTF-8" ?>
<!DOCTYPE configuration
PUBLIC "-//mybatis.org//DTD Config 3.0//EN"
"http://mybatis.org/dtd/mybatis-3-config.dtd">
<configuration>
 <environments default="development">
  <environment id="development">
   <transactionManager type="JDBC" />
   <dataSource type="POOLED">
    <property name="driver" value="oracle.jdbc.driver.OracleDriver" />
    <property name="url" value="jdbc:oracle:thin:@thinker.ipdisk.co.kr:1521:orcl" />
    <property name="username" value="user00" />
    <property name="password" value="rkddycjs" />
   </dataSource>
  </environment>
 </environments>
<mappers>
	<mapper resource="org/han/time/TimeMapper.xml" />
	<mapper class = "org.han.member.MemberMapper" />

</mappers>
</configuration>